{
  "Id": "abb-942276029125",
  "ErrorCode": "Ok",
  "HasError": false,
  "ProviderType": "Alibaba1688",
  "UpdatedTime": "2025-12-03T21:36:52.903",
  "CreatedTime": "2025-07-13T10:31:48.158",
  "Title": "Men's backpack, Japanese capacious shoulder bag for traveling for leisure, school bag, simple and elegant design, for secondary school, for teenagers, for students",
  "IsTitleManuallyTranslated": true,
  "OriginalTitle": "双肩包男士简约大容量旅行背包女休闲日系初中生高中大学生书包男",
  "CategoryId": "abb-201560009",
  "ExternalCategoryId": "201560009",
  "VendorId": "abb-b2b-22177988571765a3b9",
  "VendorName": "白沟新城麦斌箱包厂",
  "VendorDisplayName": "白沟新城麦斌箱包厂",
  "VendorScore": 10,
  "Description": "<div id=\"offer-template-0\"></div><div style=\"width: 790.0px;\"><img src=\"https://cbu01.alicdn.com/img/ibank/O1CN01jF1fDy22sfEaI8hib_!!2217798857176-0-cib.jpg\" style=\"display: block;width: 100.0%;height: auto;\" usemap=\"#_sdmap_0\"><img src=\"https://cbu01.alicdn.com/img/ibank/O1CN01G40FbV22sfEZHhchM_!!2217798857176-1-cib.gif\" style=\"display: block;width: 100.0%;height: auto;\" usemap=\"#_sdmap_1\"><img src=\"https://cbu01.alicdn.com/img/ibank/O1CN01DqYX9u22sfEXW8E9p_!!2217798857176-0-cib.jpg\" style=\"display: block;width: 100.0%;height: auto;\" usemap=\"#_sdmap_2\"><img src=\"https://cbu01.alicdn.com/img/ibank/O1CN01Fk7e0722sfEYbd3aq_!!2217798857176-0-cib.jpg\" style=\"display: block;width: 100.0%;height: auto;\" usemap=\"#_sdmap_3\"><img src=\"https://cbu01.alicdn.com/img/ibank/O1CN01Q7EMQc22sfEYKJAzQ_!!2217798857176-0-cib.jpg\" style=\"display: block;width: 100.0%;height: auto;\" usemap=\"#_sdmap_4\"><img src=\"https://cbu01.alicdn.com/img/ibank/O1CN01HHJ97n22sfEZJtWkn_!!2217798857176-0-cib.jpg\" style=\"display: block;width: 100.0%;height: auto;\" usemap=\"#_sdmap_5\"><img src=\"https://cbu01.alicdn.com/img/ibank/O1CN01GHCU4x22sfEZHfTcu_!!2217798857176-0-cib.jpg\" style=\"display: block;width: 100.0%;height: auto;\" usemap=\"#_sdmap_6\"><img src=\"https://cbu01.alicdn.com/img/ibank/O1CN01HC5BxE22sfEYbe40f_!!2217798857176-0-cib.jpg\" style=\"display: block;width: 100.0%;height: auto;\" usemap=\"#_sdmap_7\"><img src=\"https://cbu01.alicdn.com/img/ibank/O1CN013jhcJF22sfEZyYRVJ_!!2217798857176-0-cib.jpg\" style=\"display: block;width: 100.0%;height: auto;\" usemap=\"#_sdmap_8\"><img src=\"https://cbu01.alicdn.com/img/ibank/O1CN01dL5zph22sfEXW9VAl_!!2217798857176-0-cib.jpg\" style=\"display: block;width: 100.0%;height: auto;\" usemap=\"#_sdmap_9\"><img src=\"https://cbu01.alicdn.com/img/ibank/O1CN01F11Z7122sfEXW81gv_!!2217798857176-0-cib.jpg\" style=\"display: block;width: 100.0%;height: auto;\" usemap=\"#_sdmap_10\"><img src=\"https://cbu01.alicdn.com/img/ibank/O1CN01AIaJR222sfEYckc3P_!!2217798857176-0-cib.jpg\" style=\"display: block;width: 100.0%;height: auto;\" usemap=\"#_sdmap_11\"><img src=\"https://cbu01.alicdn.com/img/ibank/O1CN013rcn5y22sfEYOOorL_!!2217798857176-0-cib.jpg\" style=\"display: block;width: 100.0%;height: auto;\" usemap=\"#_sdmap_12\"><img src=\"https://cbu01.alicdn.com/img/ibank/O1CN01QPOlfQ22sfEZYEvuG_!!2217798857176-0-cib.jpg\" style=\"display: block;width: 100.0%;height: auto;\" usemap=\"#_sdmap_13\"><img src=\"https://cbu01.alicdn.com/img/ibank/O1CN01hiLzvq22sfEXSWC35_!!2217798857176-0-cib.jpg\" style=\"display: block;width: 100.0%;height: auto;\" usemap=\"#_sdmap_14\"><img src=\"https://cbu01.alicdn.com/img/ibank/O1CN01OxbikW22sfEZyaaWw_!!2217798857176-0-cib.jpg\" style=\"display: block;width: 100.0%;height: auto;\" usemap=\"#_sdmap_15\"><img src=\"https://cbu01.alicdn.com/img/ibank/O1CN01HNg7iW22sfEZHi9xf_!!2217798857176-0-cib.jpg\" style=\"display: block;width: 100.0%;height: auto;\" usemap=\"#_sdmap_16\"><img src=\"https://cbu01.alicdn.com/img/ibank/O1CN01Zo7vnd22sfEZYDrPx_!!2217798857176-0-cib.jpg\" style=\"display: block;width: 100.0%;height: auto;\" usemap=\"#_sdmap_17\"><img src=\"https://cbu01.alicdn.com/img/ibank/O1CN01PGcEP222sfEXW9Igf_!!2217798857176-0-cib.jpg\" style=\"display: block;width: 100.0%;height: auto;\" usemap=\"#_sdmap_18\"><img src=\"https://cbu01.alicdn.com/img/ibank/O1CN01iH21cy22sfEYbgHFc_!!2217798857176-0-cib.jpg\" style=\"display: block;width: 100.0%;height: auto;\" usemap=\"#_sdmap_19\"><img src=\"https://cbu01.alicdn.com/img/ibank/O1CN01cuFTJ422sfEZJreKM_!!2217798857176-0-cib.jpg\" style=\"display: block;width: 100.0%;height: auto;\" usemap=\"#_sdmap_20\"><img src=\"https://cbu01.alicdn.com/img/ibank/O1CN01I3o56j22sfEXW9ZKU_!!2217798857176-0-cib.jpg\" style=\"display: block;width: 100.0%;height: auto;\" usemap=\"#_sdmap_21\"><img src=\"https://cbu01.alicdn.com/img/ibank/O1CN01IxF1MX22sfEXW8pad_!!2217798857176-0-cib.jpg\" style=\"display: block;width: 100.0%;height: auto;\" usemap=\"#_sdmap_22\"><img src=\"https://cbu01.alicdn.com/img/ibank/O1CN01VF0o2Y22sfEZHiIHY_!!2217798857176-0-cib.jpg\" style=\"display: block;width: 100.0%;height: auto;\" usemap=\"#_sdmap_23\"><img src=\"https://cbu01.alicdn.com/img/ibank/O1CN013QidLs22sfEZ1GcSl_!!2217798857176-0-cib.jpg\" style=\"display: block;width: 100.0%;height: auto;\" usemap=\"#_sdmap_24\"><img src=\"https://cbu01.alicdn.com/img/ibank/O1CN018W98ly22sfEXSX45c_!!2217798857176-0-cib.jpg\" style=\"display: block;width: 100.0%;height: auto;\" usemap=\"#_sdmap_25\"><img src=\"https://cbu01.alicdn.com/img/ibank/O1CN01sIlwzQ22sfEYck8yN_!!2217798857176-0-cib.jpg\" style=\"display: block;width: 100.0%;height: auto;\" usemap=\"#_sdmap_26\"><img src=\"https://cbu01.alicdn.com/img/ibank/O1CN01i435BD22sfEWxY95D_!!2217798857176-0-cib.jpg\" style=\"display: block;width: 100.0%;height: auto;\" usemap=\"#_sdmap_27\"><img src=\"https://cbu01.alicdn.com/img/ibank/O1CN01PDLWWH22sfEWxXH1W_!!2217798857176-0-cib.jpg\" style=\"display: block;width: 100.0%;height: auto;\" usemap=\"#_sdmap_28\"><img src=\"https://cbu01.alicdn.com/img/ibank/O1CN01ioGGQ822sfEZ1EwUI_!!2217798857176-0-cib.jpg\" style=\"display: block;width: 100.0%;height: auto;\" usemap=\"#_sdmap_29\"><img src=\"https://cbu01.alicdn.com/img/ibank/O1CN01eLdQmn22sfEZyY2ZP_!!2217798857176-0-cib.jpg\" style=\"display: block;width: 100.0%;height: auto;\" usemap=\"#_sdmap_30\"><img src=\"https://cbu01.alicdn.com/img/ibank/O1CN01NK6GSc22sfEaI7EGj_!!2217798857176-0-cib.jpg\" style=\"display: block;width: 100.0%;height: auto;\" usemap=\"#_sdmap_31\"><img src=\"https://cbu01.alicdn.com/img/ibank/O1CN01AroxZN22sfEZYECB6_!!2217798857176-0-cib.jpg\" style=\"display: block;width: 100.0%;height: auto;\" usemap=\"#_sdmap_32\"><img src=\"https://cbu01.alicdn.com/img/ibank/O1CN01cXChom22sfEXWAVXX_!!2217798857176-0-cib.jpg\" style=\"display: block;width: 100.0%;height: auto;\" usemap=\"#_sdmap_33\"><img src=\"https://cbu01.alicdn.com/img/ibank/O1CN013Udpvc22sfEWxVb6x_!!2217798857176-0-cib.jpg\" style=\"display: block;width: 100.0%;height: auto;\" usemap=\"#_sdmap_34\"><img src=\"https://cbu01.alicdn.com/img/ibank/O1CN011mLGlT22sfEZyZuy9_!!2217798857176-0-cib.jpg\" style=\"display: block;width: 100.0%;height: auto;\" usemap=\"#_sdmap_35\"><img src=\"https://cbu01.alicdn.com/img/ibank/O1CN014VKaV422sfEZyazUP_!!2217798857176-0-cib.jpg\" style=\"display: block;width: 100.0%;height: auto;\" usemap=\"#_sdmap_36\"><img src=\"https://cbu01.alicdn.com/img/ibank/O1CN013sTdGT22sfEYbf4P2_!!2217798857176-0-cib.jpg\" style=\"display: block;width: 100.0%;height: auto;\" usemap=\"#_sdmap_37\"><img src=\"https://cbu01.alicdn.com/img/ibank/O1CN01y4aA6x22sfEaI6pLd_!!2217798857176-0-cib.jpg\" style=\"display: block;width: 100.0%;height: auto;\" usemap=\"#_sdmap_38\"><img src=\"https://cbu01.alicdn.com/img/ibank/O1CN01GHDifb22sfEXSX8Gk_!!2217798857176-0-cib.jpg\" style=\"display: block;width: 100.0%;height: auto;\" usemap=\"#_sdmap_39\"><img src=\"https://cbu01.alicdn.com/img/ibank/O1CN01t436AL22sfESbJLkW_!!2217798857176-0-cib.jpg\" style=\"display: block;width: 100.0%;height: auto;\" usemap=\"#_sdmap_40\"><img src=\"https://cbu01.alicdn.com/img/ibank/O1CN01j7ASmq22sfEWxYLZ5_!!2217798857176-0-cib.jpg\" style=\"display: block;width: 100.0%;height: auto;\" usemap=\"#_sdmap_41\"><img src=\"https://cbu01.alicdn.com/img/ibank/O1CN019sHIBZ22sfEXW8tld_!!2217798857176-0-cib.jpg\" style=\"display: block;width: 100.0%;height: auto;\" usemap=\"#_sdmap_42\"><img src=\"https://cbu01.alicdn.com/img/ibank/O1CN01gr49kv22sfEZybG86_!!2217798857176-0-cib.jpg\" style=\"display: block;width: 100.0%;height: auto;\" usemap=\"#_sdmap_43\"><img src=\"https://cbu01.alicdn.com/img/ibank/O1CN01f2XkzB22sfEZHhYaB_!!2217798857176-0-cib.jpg\" style=\"display: block;width: 100.0%;height: auto;\" usemap=\"#_sdmap_44\"><img src=\"https://cbu01.alicdn.com/img/ibank/O1CN014n9zrI22sfEZXL9Ow_!!2217798857176-0-cib.jpg\" style=\"display: block;width: 100.0%;height: auto;\" usemap=\"#_sdmap_45\"><img src=\"https://cbu01.alicdn.com/img/ibank/O1CN01ZWwjf122sfEYbh9Kf_!!2217798857176-0-cib.jpg\" style=\"display: block;width: 100.0%;height: auto;\" usemap=\"#_sdmap_46\"><img src=\"https://cbu01.alicdn.com/img/ibank/O1CN01UbWK7A22sfEZHj23Y_!!2217798857176-0-cib.jpg\" style=\"display: block;width: 100.0%;height: auto;\" usemap=\"#_sdmap_47\"><img src=\"https://cbu01.alicdn.com/img/ibank/O1CN0175lN4C22sfEZ1FPcb_!!2217798857176-0-cib.jpg\" style=\"display: block;width: 100.0%;height: auto;\" usemap=\"#_sdmap_48\"><img src=\"https://cbu01.alicdn.com/img/ibank/O1CN01JBF9y522sfEYbhLnM_!!2217798857176-0-cib.jpg\" style=\"display: block;width: 100.0%;height: auto;\" usemap=\"#_sdmap_49\"></div><div id=\"offer-template-1450686315823\"></div><p>&nbsp;&nbsp;</p>",
  "TaobaoItemUrl": "https://detail.1688.com/offer/942276029125.html",
  "ExternalItemUrl": "https://detail.1688.com/offer/942276029125.html",
  "MainPictureUrl": "https://cbu01.alicdn.com/img/ibank/O1CN01WlUXLO22sfEWx8MkG_!!2217798857176-0-cib.jpg",
  "StuffStatus": "New",
  "Volume": 0,
  "Price": {
    "OriginalPrice": 13.5,
    "MarginPrice": 13.5,
    "OriginalCurrencyCode": "CNY",
    "ConvertedPriceList": {
      "Internal": {
        "Price": 16.07,
        "Sign": "$",
        "Code": "USD"
      },
      "DisplayedMoneys": [
        {
          "Price": 286.77,
          "Sign": "৳",
          "Code": "BDT"
        }
      ]
    },
    "ConvertedPrice": "286.77৳",
    "ConvertedPriceWithoutSign": "286.77",
    "CurrencySign": "৳",
    "CurrencyName": "BDT",
    "IsDeliverable": false,
    "DeliveryPrice": {
      "OriginalPrice": 0,
      "MarginPrice": 0,
      "OriginalCurrencyCode": "CNY",
      "ConvertedPriceList": {
        "Internal": {
          "Price": 0,
          "Sign": "$",
          "Code": "USD"
        },
        "DisplayedMoneys": [
          {
            "Price": 0,
            "Sign": "৳",
            "Code": "BDT"
          }
        ]
      }
    },
    "OneItemDeliveryPrice": {
      "OriginalPrice": 0,
      "MarginPrice": 0,
      "OriginalCurrencyCode": "CNY",
      "ConvertedPriceList": {
        "Internal": {
          "Price": 0,
          "Sign": "$",
          "Code": "USD"
        },
        "DisplayedMoneys": [
          {
            "Price": 0,
            "Sign": "৳",
            "Code": "BDT"
          }
        ]
      }
    },
    "PriceWithoutDelivery": {
      "OriginalPrice": 13.5,
      "MarginPrice": 13.5,
      "OriginalCurrencyCode": "CNY",
      "ConvertedPriceList": {
        "Internal": {
          "Price": 16.07,
          "Sign": "$",
          "Code": "USD"
        },
        "DisplayedMoneys": [
          {
            "Price": 286.77,
            "Sign": "৳",
            "Code": "BDT"
          }
        ]
      }
    },
    "OneItemPriceWithoutDelivery": {
      "OriginalPrice": 13.5,
      "MarginPrice": 13.5,
      "OriginalCurrencyCode": "CNY",
      "ConvertedPriceList": {
        "Internal": {
          "Price": 16.07,
          "Sign": "$",
          "Code": "USD"
        },
        "DisplayedMoneys": [
          {
            "Price": 286.77,
            "Sign": "৳",
            "Code": "BDT"
          }
        ]
      }
    }
  },
  "MasterQuantity": 4441910,
  "Pictures": [
    {
      "Url": "https://cbu01.alicdn.com/img/ibank/O1CN01WlUXLO22sfEWx8MkG_!!2217798857176-0-cib.jpg",
      "Small": {
        "Url": "https://cbu01.alicdn.com/img/ibank/O1CN01WlUXLO22sfEWx8MkG_!!2217798857176-0-cib.600x600.jpg",
        "Width": 600,
        "Height": 600
      },
      "Medium": {
        "Url": "https://cbu01.alicdn.com/img/ibank/O1CN01WlUXLO22sfEWx8MkG_!!2217798857176-0-cib.jpg"
      },
      "Large": {
        "Url": "https://cbu01.alicdn.com/img/ibank/O1CN01WlUXLO22sfEWx8MkG_!!2217798857176-0-cib.jpg"
      },
      "IsMain": true
    },
    {
      "Url": "https://cbu01.alicdn.com/img/ibank/O1CN01CnUYwW22sfEZyAsWj_!!2217798857176-0-cib.jpg",
      "Small": {
        "Url": "https://cbu01.alicdn.com/img/ibank/O1CN01CnUYwW22sfEZyAsWj_!!2217798857176-0-cib.600x600.jpg",
        "Width": 600,
        "Height": 600
      },
      "Medium": {
        "Url": "https://cbu01.alicdn.com/img/ibank/O1CN01CnUYwW22sfEZyAsWj_!!2217798857176-0-cib.jpg"
      },
      "Large": {
        "Url": "https://cbu01.alicdn.com/img/ibank/O1CN01CnUYwW22sfEZyAsWj_!!2217798857176-0-cib.jpg"
      },
      "IsMain": false
    },
    {
      "Url": "https://cbu01.alicdn.com/img/ibank/O1CN01C0CFmt22sfEZHJvKH_!!2217798857176-0-cib.jpg",
      "Small": {
        "Url": "https://cbu01.alicdn.com/img/ibank/O1CN01C0CFmt22sfEZHJvKH_!!2217798857176-0-cib.600x600.jpg",
        "Width": 600,
        "Height": 600
      },
      "Medium": {
        "Url": "https://cbu01.alicdn.com/img/ibank/O1CN01C0CFmt22sfEZHJvKH_!!2217798857176-0-cib.jpg"
      },
      "Large": {
        "Url": "https://cbu01.alicdn.com/img/ibank/O1CN01C0CFmt22sfEZHJvKH_!!2217798857176-0-cib.jpg"
      },
      "IsMain": false
    },
    {
      "Url": "https://cbu01.alicdn.com/img/ibank/O1CN01AzXa6Q22sfESau2i8_!!2217798857176-0-cib.jpg",
      "Small": {
        "Url": "https://cbu01.alicdn.com/img/ibank/O1CN01AzXa6Q22sfESau2i8_!!2217798857176-0-cib.600x600.jpg",
        "Width": 600,
        "Height": 600
      },
      "Medium": {
        "Url": "https://cbu01.alicdn.com/img/ibank/O1CN01AzXa6Q22sfESau2i8_!!2217798857176-0-cib.jpg"
      },
      "Large": {
        "Url": "https://cbu01.alicdn.com/img/ibank/O1CN01AzXa6Q22sfESau2i8_!!2217798857176-0-cib.jpg"
      },
      "IsMain": false
    },
    {
      "Url": "https://cbu01.alicdn.com/img/ibank/O1CN01rtKtYR22sfEYcLEhz_!!2217798857176-0-cib.jpg",
      "Small": {
        "Url": "https://cbu01.alicdn.com/img/ibank/O1CN01rtKtYR22sfEYcLEhz_!!2217798857176-0-cib.600x600.jpg",
        "Width": 600,
        "Height": 600
      },
      "Medium": {
        "Url": "https://cbu01.alicdn.com/img/ibank/O1CN01rtKtYR22sfEYcLEhz_!!2217798857176-0-cib.jpg"
      },
      "Large": {
        "Url": "https://cbu01.alicdn.com/img/ibank/O1CN01rtKtYR22sfEYcLEhz_!!2217798857176-0-cib.jpg"
      },
      "IsMain": false
    }
  ],
  "Location": {
    "State": "Baoding City, Hebei Province"
  },
  "FeaturedValues": [
    {
      "Name": "SalesInLast30Days",
      "Value": "1014"
    },
    {
      "Name": "normalizedRating",
      "Value": "0.78"
    },
    {
      "Name": "rating",
      "Value": "3.9"
    },
    {
      "Name": "encrypted_vendor_id",
      "Value": "BBB958N8Oz0C-S0kaK2omDUZg"
    },
    {
      "Name": "unit",
      "Value": "个"
    },
    {
      "Name": "sendAddressCode",
      "Value": "37950519"
    },
    {
      "Name": "TotalSales",
      "Value": "900"
    },
    {
      "Name": "locationDivisionCode",
      "Value": "130684"
    },
    {
      "Name": "userId",
      "Value": "2217798857176"
    }
  ],
  "IsSellAllowed": true,
  "PhysicalParameters": {
    "Weight": 0.388
  },
  "IsFiltered": false,
  "Videos": [
    {
      "PreviewUrl": "",
      "Url": "https://cloud.video.taobao.com/play/u/2217798857176/p/1/e/6/t/1/523936430899.mp4"
    }
  ],
  "HasInternalDelivery": false,
  "Attributes": [
    {
      "Pid": "颜色",
      "Vid": "白色",
      "PropertyName": "Color",
      "Value": "White",
      "OriginalPropertyName": "颜色",
      "OriginalValue": "白色",
      "IsConfigurator": true,
      "ImageUrl": "https://cbu01.alicdn.com/img/ibank/O1CN01qb4ctW22sfEXW6snE_!!2217798857176-0-cib.jpg",
      "MiniImageUrl": "https://cbu01.alicdn.com/img/ibank/O1CN01qb4ctW22sfEXW6snE_!!2217798857176-0-cib.600x600.jpg"
    },
    {
      "Pid": "颜色",
      "Vid": "黑色",
      "PropertyName": "Color",
      "Value": "Black",
      "OriginalPropertyName": "颜色",
      "OriginalValue": "黑色",
      "IsConfigurator": true,
      "ImageUrl": "https://cbu01.alicdn.com/img/ibank/O1CN01PXZmJN22sfEXSTdr4_!!2217798857176-0-cib.jpg",
      "MiniImageUrl": "https://cbu01.alicdn.com/img/ibank/O1CN01PXZmJN22sfEXSTdr4_!!2217798857176-0-cib.600x600.jpg"
    },
    {
      "Pid": "货号",
      "Vid": "ZYX2024MZ0418",
      "PropertyName": "Goods number",
      "Value": "ZYX2024MZ0418",
      "OriginalPropertyName": "货号",
      "OriginalValue": "ZYX2024MZ0418",
      "IsConfigurator": false
    },
    {
      "Pid": "适用性别",
      "Vid": "中性/男女均可",
      "PropertyName": "Applicable gender",
      "Value": "Neutral/men and women can",
      "OriginalPropertyName": "适用性别",
      "OriginalValue": "中性/男女均可",
      "IsConfigurator": false
    },
    {
      "Pid": "材质",
      "Vid": "尼龙",
      "PropertyName": "Material",
      "Value": "Nylon",
      "OriginalPropertyName": "材质",
      "OriginalValue": "尼龙",
      "IsConfigurator": false
    },
    {
      "Pid": "功能",
      "Vid": "透气",
      "PropertyName": "Function",
      "Value": "Breathable",
      "OriginalPropertyName": "功能",
      "OriginalValue": "透气",
      "IsConfigurator": false
    },
    {
      "Pid": "功能",
      "Vid": "防水",
      "PropertyName": "Function",
      "Value": "Water proof",
      "OriginalPropertyName": "功能",
      "OriginalValue": "防水",
      "IsConfigurator": false
    },
    {
      "Pid": "功能",
      "Vid": "超轻",
      "PropertyName": "Function",
      "Value": "Ultra light",
      "OriginalPropertyName": "功能",
      "OriginalValue": "超轻",
      "IsConfigurator": false
    },
    {
      "Pid": "功能",
      "Vid": "扩容",
      "PropertyName": "Function",
      "Value": "Expansion",
      "OriginalPropertyName": "功能",
      "OriginalValue": "扩容",
      "IsConfigurator": false
    },
    {
      "Pid": "功能",
      "Vid": "减负",
      "PropertyName": "Function",
      "Value": "Burden",
      "OriginalPropertyName": "功能",
      "OriginalValue": "减负",
      "IsConfigurator": false
    },
    {
      "Pid": "风格",
      "Vid": "跨境风潮",
      "PropertyName": "Style",
      "Value": "Cross -border trend",
      "OriginalPropertyName": "风格",
      "OriginalValue": "跨境风潮",
      "IsConfigurator": false
    },
    {
      "Pid": "里料质地",
      "Vid": "尼龙",
      "PropertyName": "Lining texture",
      "Value": "Nylon",
      "OriginalPropertyName": "里料质地",
      "OriginalValue": "尼龙",
      "IsConfigurator": false
    },
    {
      "Pid": "图案",
      "Vid": "纯色",
      "PropertyName": "Pattern",
      "Value": "Solid color",
      "OriginalPropertyName": "图案",
      "OriginalValue": "纯色",
      "IsConfigurator": false
    },
    {
      "Pid": "流行元素",
      "Vid": "车缝线",
      "PropertyName": "Popular elements",
      "Value": "Sewing line",
      "OriginalPropertyName": "流行元素",
      "OriginalValue": "车缝线",
      "IsConfigurator": false
    },
    {
      "Pid": "上市年份季节",
      "Vid": "2025年春季",
      "PropertyName": "Listing season",
      "Value": "2025 years",
      "OriginalPropertyName": "上市年份季节",
      "OriginalValue": "2025年春季",
      "IsConfigurator": false
    },
    {
      "Pid": "尺寸",
      "Vid": "升级加厚单包",
      "PropertyName": "Size",
      "Value": "Upgraded thickened single bag",
      "OriginalPropertyName": "尺寸",
      "OriginalValue": "升级加厚单包",
      "IsConfigurator": true
    },
    {
      "Pid": "尺寸",
      "Vid": "带挂件",
      "PropertyName": "Size",
      "Value": "With a pendant",
      "OriginalPropertyName": "尺寸",
      "OriginalValue": "带挂件",
      "IsConfigurator": true
    },
    {
      "Pid": "适用场景",
      "Vid": "学校教育",
      "PropertyName": "Applicable scenarios",
      "Value": "School, training",
      "OriginalPropertyName": "适用场景",
      "OriginalValue": "学校教育",
      "IsConfigurator": false
    },
    {
      "Pid": "背负系统",
      "Vid": "气垫背带",
      "PropertyName": "Carrier system",
      "Value": "Soft heel, suspenders",
      "OriginalPropertyName": "背负系统",
      "OriginalValue": "气垫背带",
      "IsConfigurator": false
    },
    {
      "Pid": "适用学龄",
      "Vid": "大学",
      "PropertyName": "Applicable school age",
      "Value": "University",
      "OriginalPropertyName": "适用学龄",
      "OriginalValue": "大学",
      "IsConfigurator": false
    }
  ],
  "HasHierarchicalConfigurators": false,
  "ConfiguredItems": [
    {
      "Id": "8f03bc2088e6fe3d01819e015cb7d2e2",
      "Quantity": 1110151,
      "SalesCount": 0,
      "Configurators": [
        {
          "Pid": "颜色",
          "Vid": "白色"
        },
        {
          "Pid": "尺寸",
          "Vid": "升级加厚单包"
        }
      ],
      "Price": {
        "OriginalPrice": 13.5,
        "MarginPrice": 13.5,
        "OriginalCurrencyCode": "CNY",
        "ConvertedPriceList": {
          "Internal": {
            "Price": 16.07,
            "Sign": "$",
            "Code": "USD"
          },
          "DisplayedMoneys": [
            {
              "Price": 286.77,
              "Sign": "৳",
              "Code": "BDT"
            }
          ]
        },
        "ConvertedPrice": "286.77৳",
        "ConvertedPriceWithoutSign": "286.77",
        "CurrencySign": "৳",
        "CurrencyName": "BDT",
        "IsDeliverable": false,
        "DeliveryPrice": {
          "OriginalPrice": 0,
          "MarginPrice": 0,
          "OriginalCurrencyCode": "CNY",
          "ConvertedPriceList": {
            "Internal": {
              "Price": 0,
              "Sign": "$",
              "Code": "USD"
            },
            "DisplayedMoneys": [
              {
                "Price": 0,
                "Sign": "৳",
                "Code": "BDT"
              }
            ]
          }
        },
        "OneItemDeliveryPrice": {
          "OriginalPrice": 0,
          "MarginPrice": 0,
          "OriginalCurrencyCode": "CNY",
          "ConvertedPriceList": {
            "Internal": {
              "Price": 0,
              "Sign": "$",
              "Code": "USD"
            },
            "DisplayedMoneys": [
              {
                "Price": 0,
                "Sign": "৳",
                "Code": "BDT"
              }
            ]
          }
        },
        "PriceWithoutDelivery": {
          "OriginalPrice": 13.5,
          "MarginPrice": 13.5,
          "OriginalCurrencyCode": "CNY",
          "ConvertedPriceList": {
            "Internal": {
              "Price": 16.07,
              "Sign": "$",
              "Code": "USD"
            },
            "DisplayedMoneys": [
              {
                "Price": 286.77,
                "Sign": "৳",
                "Code": "BDT"
              }
            ]
          }
        },
        "OneItemPriceWithoutDelivery": {
          "OriginalPrice": 13.5,
          "MarginPrice": 13.5,
          "OriginalCurrencyCode": "CNY",
          "ConvertedPriceList": {
            "Internal": {
              "Price": 16.07,
              "Sign": "$",
              "Code": "USD"
            },
            "DisplayedMoneys": [
              {
                "Price": 286.77,
                "Sign": "৳",
                "Code": "BDT"
              }
            ]
          }
        }
      }
    },
    {
      "Id": "7595637e3d70fc8a4d6d19a569f4d95c",
      "Quantity": 1110624,
      "SalesCount": 0,
      "Configurators": [
        {
          "Pid": "颜色",
          "Vid": "白色"
        },
        {
          "Pid": "尺寸",
          "Vid": "带挂件"
        }
      ],
      "Price": {
        "OriginalPrice": 15.5,
        "MarginPrice": 15.5,
        "OriginalCurrencyCode": "CNY",
        "ConvertedPriceList": {
          "Internal": {
            "Price": 18.45,
            "Sign": "$",
            "Code": "USD"
          },
          "DisplayedMoneys": [
            {
              "Price": 329.25,
              "Sign": "৳",
              "Code": "BDT"
            }
          ]
        },
        "ConvertedPrice": "329.25৳",
        "ConvertedPriceWithoutSign": "329.25",
        "CurrencySign": "৳",
        "CurrencyName": "BDT",
        "IsDeliverable": false,
        "DeliveryPrice": {
          "OriginalPrice": 0,
          "MarginPrice": 0,
          "OriginalCurrencyCode": "CNY",
          "ConvertedPriceList": {
            "Internal": {
              "Price": 0,
              "Sign": "$",
              "Code": "USD"
            },
            "DisplayedMoneys": [
              {
                "Price": 0,
                "Sign": "৳",
                "Code": "BDT"
              }
            ]
          }
        },
        "OneItemDeliveryPrice": {
          "OriginalPrice": 0,
          "MarginPrice": 0,
          "OriginalCurrencyCode": "CNY",
          "ConvertedPriceList": {
            "Internal": {
              "Price": 0,
              "Sign": "$",
              "Code": "USD"
            },
            "DisplayedMoneys": [
              {
                "Price": 0,
                "Sign": "৳",
                "Code": "BDT"
              }
            ]
          }
        },
        "PriceWithoutDelivery": {
          "OriginalPrice": 15.5,
          "MarginPrice": 15.5,
          "OriginalCurrencyCode": "CNY",
          "ConvertedPriceList": {
            "Internal": {
              "Price": 18.45,
              "Sign": "$",
              "Code": "USD"
            },
            "DisplayedMoneys": [
              {
                "Price": 329.25,
                "Sign": "৳",
                "Code": "BDT"
              }
            ]
          }
        },
        "OneItemPriceWithoutDelivery": {
          "OriginalPrice": 15.5,
          "MarginPrice": 15.5,
          "OriginalCurrencyCode": "CNY",
          "ConvertedPriceList": {
            "Internal": {
              "Price": 18.45,
              "Sign": "$",
              "Code": "USD"
            },
            "DisplayedMoneys": [
              {
                "Price": 329.25,
                "Sign": "৳",
                "Code": "BDT"
              }
            ]
          }
        }
      }
    },
    {
      "Id": "90adefd748f5eb4bdcafc0dbad3cbc29",
      "Quantity": 1110469,
      "SalesCount": 0,
      "Configurators": [
        {
          "Pid": "颜色",
          "Vid": "黑色"
        },
        {
          "Pid": "尺寸",
          "Vid": "升级加厚单包"
        }
      ],
      "Price": {
        "OriginalPrice": 13.5,
        "MarginPrice": 13.5,
        "OriginalCurrencyCode": "CNY",
        "ConvertedPriceList": {
          "Internal": {
            "Price": 16.07,
            "Sign": "$",
            "Code": "USD"
          },
          "DisplayedMoneys": [
            {
              "Price": 286.77,
              "Sign": "৳",
              "Code": "BDT"
            }
          ]
        },
        "ConvertedPrice": "286.77৳",
        "ConvertedPriceWithoutSign": "286.77",
        "CurrencySign": "৳",
        "CurrencyName": "BDT",
        "IsDeliverable": false,
        "DeliveryPrice": {
          "OriginalPrice": 0,
          "MarginPrice": 0,
          "OriginalCurrencyCode": "CNY",
          "ConvertedPriceList": {
            "Internal": {
              "Price": 0,
              "Sign": "$",
              "Code": "USD"
            },
            "DisplayedMoneys": [
              {
                "Price": 0,
                "Sign": "৳",
                "Code": "BDT"
              }
            ]
          }
        },
        "OneItemDeliveryPrice": {
          "OriginalPrice": 0,
          "MarginPrice": 0,
          "OriginalCurrencyCode": "CNY",
          "ConvertedPriceList": {
            "Internal": {
              "Price": 0,
              "Sign": "$",
              "Code": "USD"
            },
            "DisplayedMoneys": [
              {
                "Price": 0,
                "Sign": "৳",
                "Code": "BDT"
              }
            ]
          }
        },
        "PriceWithoutDelivery": {
          "OriginalPrice": 13.5,
          "MarginPrice": 13.5,
          "OriginalCurrencyCode": "CNY",
          "ConvertedPriceList": {
            "Internal": {
              "Price": 16.07,
              "Sign": "$",
              "Code": "USD"
            },
            "DisplayedMoneys": [
              {
                "Price": 286.77,
                "Sign": "৳",
                "Code": "BDT"
              }
            ]
          }
        },
        "OneItemPriceWithoutDelivery": {
          "OriginalPrice": 13.5,
          "MarginPrice": 13.5,
          "OriginalCurrencyCode": "CNY",
          "ConvertedPriceList": {
            "Internal": {
              "Price": 16.07,
              "Sign": "$",
              "Code": "USD"
            },
            "DisplayedMoneys": [
              {
                "Price": 286.77,
                "Sign": "৳",
                "Code": "BDT"
              }
            ]
          }
        }
      }
    },
    {
      "Id": "a8e395359bee03d2c81df5bfb41669ef",
      "Quantity": 1110666,
      "SalesCount": 0,
      "Configurators": [
        {
          "Pid": "颜色",
          "Vid": "黑色"
        },
        {
          "Pid": "尺寸",
          "Vid": "带挂件"
        }
      ],
      "Price": {
        "OriginalPrice": 15.5,
        "MarginPrice": 15.5,
        "OriginalCurrencyCode": "CNY",
        "ConvertedPriceList": {
          "Internal": {
            "Price": 18.45,
            "Sign": "$",
            "Code": "USD"
          },
          "DisplayedMoneys": [
            {
              "Price": 329.25,
              "Sign": "৳",
              "Code": "BDT"
            }
          ]
        },
        "ConvertedPrice": "329.25৳",
        "ConvertedPriceWithoutSign": "329.25",
        "CurrencySign": "৳",
        "CurrencyName": "BDT",
        "IsDeliverable": false,
        "DeliveryPrice": {
          "OriginalPrice": 0,
          "MarginPrice": 0,
          "OriginalCurrencyCode": "CNY",
          "ConvertedPriceList": {
            "Internal": {
              "Price": 0,
              "Sign": "$",
              "Code": "USD"
            },
            "DisplayedMoneys": [
              {
                "Price": 0,
                "Sign": "৳",
                "Code": "BDT"
              }
            ]
          }
        },
        "OneItemDeliveryPrice": {
          "OriginalPrice": 0,
          "MarginPrice": 0,
          "OriginalCurrencyCode": "CNY",
          "ConvertedPriceList": {
            "Internal": {
              "Price": 0,
              "Sign": "$",
              "Code": "USD"
            },
            "DisplayedMoneys": [
              {
                "Price": 0,
                "Sign": "৳",
                "Code": "BDT"
              }
            ]
          }
        },
        "PriceWithoutDelivery": {
          "OriginalPrice": 15.5,
          "MarginPrice": 15.5,
          "OriginalCurrencyCode": "CNY",
          "ConvertedPriceList": {
            "Internal": {
              "Price": 18.45,
              "Sign": "$",
              "Code": "USD"
            },
            "DisplayedMoneys": [
              {
                "Price": 329.25,
                "Sign": "৳",
                "Code": "BDT"
              }
            ]
          }
        },
        "OneItemPriceWithoutDelivery": {
          "OriginalPrice": 15.5,
          "MarginPrice": 15.5,
          "OriginalCurrencyCode": "CNY",
          "ConvertedPriceList": {
            "Internal": {
              "Price": 18.45,
              "Sign": "$",
              "Code": "USD"
            },
            "DisplayedMoneys": [
              {
                "Price": 329.25,
                "Sign": "৳",
                "Code": "BDT"
              }
            ]
          }
        }
      }
    }
  ],
  "FirstLotQuantity": 1,
  "NextLotQuantity": 1,
  "WeightInfos": [
    {
      "Type": "RealByVendor",
      "DisplayName": "Real weight",
      "Weight": 0.388
    }
  ],
  "ActualWeightInfo": {
    "Type": "RealByVendor",
    "DisplayName": "Real weight",
    "Weight": 0.388
  }
}
